Category,Resume,ID,HTML,CSS,BOOTSTRAP,PHP,JQUERY,AJAX,JAVA SCRIPT,Match_Score,Match_Percentage,Habilidades_Encontradas,Habilidades_Faltantes
Web Designing,"Education Details 
 B.C.A Bachelor Computer Application Pune, Maharashtra Pune University
 H.S.C.  Pune, Maharashtra Pune University
 S.S.C.  Pune, Maharashtra Pune University
Web Designing and Developer 

php Developer - Exposys Pvt. Ltd
Skill Details 
Company Details 
company - Exposys Pvt. Ltd
description - Technical Skills
Web Development: HTML5, CSS3, Bootstrap, PHP, Ajax, Jquery, JavaScript.
Database: MySQL.
Development Tools: Notepad++, Sublime Text2.
Framework: Codeigniter.
Server: Apache tomcat, Xampp Control Panel.
Operating Systems: Windows.
company - Exposys Pvt. Ltd
description - Pune.	Augest 2017 to till date

Project Details:
Project-I: Pragat Bharat System
Technologies Used: HTML, CSS, BOOTSTRAP, PHP, JQUERY, AJAX.
Database Used: My SQL.
Team size: 1
Position: Software Developer
Synopsis: This project aim is specially design for people. It is used to collect information to diifernt sector.

Project-II: Go Ayur System
Technologies Used: HTML, CSS, BOOTSTRAP, PHP, JQUERY, AJAX.
Database Used: My SQL.
Team size: 2
Position: Software Developer
Synopsis: Go Ayurveda Panchakarma center is one of most traditionally well established, professional and innovative providers of Classical
Ayurvedic Health services and Kerala Panchakarma therapies.

Project-III: Vitsanindia System
Technologies Used: HTML, CSS, BOOTSTRAP, PHP, JQUERY, AJAX, JAVA SCRIPT.
Database Used: My SQL.
Team size: 2
Position: Software Developer
Synopsis: Online Shooping through app. This app is user friendly because there is a option for change language. User can to find different categories products as there choice.

Project-IV: MahabaleshwarTours
Technologies Used: HTML, CSS, BOOTSTRAP, PHP, JQUERY, AJAX, JAVA SCRIPT.
Database Used: My SQL.
Team size: 1
Position: Software Developer
Synopsis: In this system is to provide Online Registration, Tour Package Information, Ticket Booking, Online Payment and Searching Facility for Customer and also Generate Different types of Report.

Project-V: Cityspaceindia
Technologies Used: HTML, CSS, BOOTSTRAP, PHP, JQUERY, AJAX, JAVA SCRIPT.
Database Used: My SQL.
Team size: 1
Position: Software Developer
Synopsis: Service provider website we provide different categories.

Project-VI: Fruitsbuddy
Technologies Used: HTML, CSS, BOOTSTRAP, PHP, JQUERY, AJAX, JAVA SCRIPT.
Database Used: My SQL.
Team size: 1
Position: Software Developer
Synopsis: Fruitbuddy is to manage the details of fruits, Customer, Order, Transaction, Payment. It manages all the information about fruits, Stocks, Payment. The project is totally built at administrative end and thus only the administrator is guaranteed the access. The purpose of the project is to build an application program to reduce the manual work for managing the fruits, Customer, Stocks, Order.

Project-VII: Totalcitee
Technologies Used: HTML, CSS, BOOTSTRAP, PHP, JQUERY, AJAX, JAVA SCRIPT.
Database Used: My SQL.
Team size: 1
Position: Software Developer
Synopsis: Real Estate web application has been created for helping you to sell properties through web based user interface. Visitors on your website can view particular desired products using search engine facility.

Project-VIII: Golchha
Technologies Used: HTML, CSS, BOOTSTRAP, PHP, JQUERY, AJAX, JAVA SCRIPT.
Database Used: My SQL.
Team size: 1
Position: Software Developer
Synopsis: Service provider website we provide different categories.",CAND-49d224,1,1,1,1,1,1,1,7,100.0,"HTML, CSS, BOOTSTRAP, PHP, JQUERY, AJAX, JAVA SCRIPT",
DevOps Engineer,"Total IT Experience 15 years. Core expertise in Data Base Design, PHP, Python, MySql, JavaScript, HTML 5, Ajax, Jquery, XML, Agile Methodology, DevOps Methodology, Scrum Framework, JIRA Tool, GIT, Bitbucket, Anjular JS 1, Angular JS 2, Core Java, J2EE. Education Details 
April 2004 MCM Computer Management Pune, Maharashtra Pune University
April 1998 B.Sc Maths  Kerala University
Project Manager 

Project Manager
Skill Details 
Data Base Design, PHP, Python, MySql, JavaScript, HTML, Ajax, XML, Agile Methodology, DevOps Methodology, Scrum Framework, JIRA Tool, GIT, Bitbucket, Jquery,  AngularJs, Amazon MWS , Bootstrap, Node.js, Laravel, Scrum- Exprience - 120 monthsCompany Details 
company - Knoxed Infotech Pvt. Ltd.
description - ï· Client interaction
ï· Maintain work processes
ï· Creates project plans through Agile Model & Methodology
ï· Maintains project objectives
ï· Working with multi-profiled teams of technical and non technical stakeholders
ï· Monitors production and quality to customer/stakeholder/sponsor standards
ï· Conduct office management tasks
ï· Ensuring that the day-to-day operations of the business run smoothly
ï· Introducing key performance indicators (KPI's) and ensuring that these measurements are tracked
and reviewed on a regular basis
ï· Prepare, revise and submit weekly-monthly reports, budgets and other documentation as
necessary
ï· Document current policies and procedures in all departments as well as implement new procedures
for improvement
ï· Maintain smooth running of the office, filling in where needed
ï· Implement quality management and regulatory compliance strategies
ï· Dealing with HR related tasks
ï· Administering payroll
ï· Perform training sessions
ï· Regular meetings with Top Management
Project Undertaken : Internal ERP system For Knoxed Ltd, UK, With PHP, Mysql, Ajax, XML,
Amazon AWS, Raspberry pi Server, Python.
company - Venturus International
description - ï· Client interaction
ï· Creates project plans through Agile Model & Methodology
ï· Manage teamâs workload and workflow
ï· Allocate and track resources as required
ï· Set and monitor deadlines
ï· QC
ï· Maintain tasks and jobs on task management system
ï· Conduct research and development
ï· Create new systems, databases and websites as necessary
Project Undertaken : Internal ERP system For Knoxed Ltd, UK, With PHP, Mysql, Ajax, XML,
Amazon AWS
company - SmashingDay
description - ï· Client interaction
ï· Creates project plans through Agile Model & Methodology
ï· Manage teamâs workload and workflow
ï· Allocate and track resources as required
ï· Set and monitor deadlines
ï· Project documentation
ï· Conduct and maintain appraisals and progress of each employee
ï· Adhere to deadlines as necessary
ï· Maintain work logs
ï· Conduct research and development
ï· Create new systems, databases and websites as necessary
Project Undertaken :
a) www.SmashingDay.com
b) www.viralsocials.com
company - Xento Systems Pvt. Ltd
description - ï· Client interaction
ï· Creates project plans through Agile Model & Methodology
ï· Manage teamâs workload and workflow
ï· Allocate and track resources as required
ï· Set and monitor deadlines
ï· QC
ï· Maintain tasks and jobs on task management system
ï· Conduct research and development
ï· Create new systems, databases and websites as necessary
Project Undertaken :
a) www.familylink.com
b) www.propertysolutions.com
c) www.speedyceus.com
d) www.ceus-nursing.com
company - STP Global Solutions Pvt. Ltd.
description - ï· Client interaction
ï· Creates project plans through Agile Model & Methodology
ï· Manage teamâs workload and workflow
ï· Allocate and track resources as required
ï· Set and monitor deadlines
ï· Conduct and maintain appraisals and progress of each employee
ï· QC
ï· Maintain tasks and jobs on task management system
ï· Conduct research and development
ï· Create new systems, databases and websites as necessary
Project Undertaken :
a) www.stplafricaonline.com
b) www.stplafrica.com
c) www.1stexpert.com
d) www.jcca-net.org
e) www.rimsys.eu
f) www.prayerlister.org
company - Promark Infotech Pvt. Ltd
description - ï· Development & Design
ï· Create new systems, databases and websites as necessary
Project Undertaken :
a) www.justbe.com/
b) www.mtpian.com/
c) www.sababa.nl/booking/
d) www.physicaltherapy-hiu.com
company - 7cees Group
description - ï· Development & Design
ï· Create new systems, databases and websites as necessary
Project Undertaken :
a) Golwin-reality
b) Maza",CAND-e0a1bf,1,0,1,1,1,1,1,6,85.71428571428571,"HTML, BOOTSTRAP, PHP, JQUERY, AJAX, JAVA SCRIPT",CSS
DotNet Developer,"Technical Skills CATEGORY SKILLS Language C, C#, OOP, Dot Net Technologies ASP.Net MVC, ADO.Net, Entity Framework, LINQ Web Technologies HTML, CSS Browser Scripting JavaScript, Jquery, Ajax, JSON Web Browser Internet Explorer 8.0, Mozilla Firefox10 Front-end-framework Bootstrap, Kendo UI Database SQL Server 2012 Development Tools Visual Studio 2013 Operating Systems MS Window 2007 Project Details Projects Worked On: 1. Project Name: Politician Website Role: Trainee Project Description: I developed Politician website. In this website there is Home Page, Quick Facts, Category, Biography, Gallery, and ContactUs Page. It is a totally dynamic website. Environment: Operating System: Windows 7 Development Tools: Visual Studio 2013 Database Server: SQL Server 2012 Technology: .NET Framework 4.5, ASP.Net MVC5 Presentation Layer: HTML, CSS, Jquery, Bootstrap Role and Responsibilities: â¢ Understanding requirements, Coding and unit testing. 2. Project Name: Coaching Management System (CMS) Project Description: This software is helps to manage institute (Student, Teacher, Courses, Batches, Fees, Attendance, and Marks) . Provide easy reports like outstanding Fees, Marks, and Attendance etc. This software is specially designed for coaching institute. Environment: Operating System: Windows 7 Database Server: SQL Server 2012 Technology: .NET Framework 4.5, ASP.Net MVC5 Presentation Layer: HTML, CSS, JavaScript, Jquery, Bootstrap Features: â¢ Project includes the feature of testing type and the activity on the project activities. â¢ Project includes the online management and test process. Role and Responsibilities: â¢ Worked in Development of Back-end Like Data Collections. â¢ Database Schema Designing, and Create Database Dictionary & Made Database Constraints. â¢ I was also worked on Front-end Designing like Screen Generations, form Designing & Applying client side Validation. â¢ SRS documentation and Development. 3. Project Name: Hospital Management System (HMS) Project Description: Hospital Management System is powerful, flexible, and easy to use and designed and developed to deliver real conceivable benefits to hospitals and clinics and more importantly it is backed by reliable and dependable. Hospital Management System is designed for multispecialty hospitals, to cover a wide range of hospital administration and management processes. It is an integrated end-to-end Hospital Management System that provides relevant information across the hospital to support effective decision making for patient care, hospital administration and critical financial accounting, in a seamless flow. Environment: Presentation Layer: HTML, CSS, JavaScript, Jquery, Kendo UI Business Layer: .NET Framework 4.5, ASP.Net MVC5 Database Layer: SQL Server 2012 Operating System: Windows 7 Features: â¢ Project includes the feature of testing type and the activity on the project activities. â¢ Project includes the online management and test process. Role and Responsibilities: â¢ Worked in Development of Back-end Like Data Collections. â¢ Database Schema Designing, and Create Database Dictionary & Made Database Constraints. â¢ I was also worked on Front-end Designing like Screen Generations, form Designing & Applying client side Validation. â¢ SRS documentation and Development. 4. Project Name: Ticket Booking Software (BESS) Project Description: Online Ticket Booking System is a Web based application. You can directly book the ticket by this application. This application is implemented for Bus, Tour and Travel Agency. Environment: Presentation Layer: HTML, CSS, JavaScript, Jquery, KendoUI Business Layer: .NET Framework 4.5, ASP.Net MVC5 Database Layer: SQL Server 2012 Operating System: Windows 7 Features: â¢ Project includes the feature of testing type and the activity on the project activities. â¢ Project includes the online management and test process. Role and Responsibilities: â¢ Worked in Development of Back-end Like Data Collections. â¢ Database Schema Designing, and Create Database Dictionary & Made Database Constraints. â¢ I was also worked on Front-end Designing like Screen Generations, form Designing & Applying client side Validation. â¢ SRS documentation and Development. 5. Project Name: School Management System (SMS) Project Description: School Management System is complete school management software designed to automate a school's diverse operations from classes, exams to school events calendar. This school software has a powerful online community to bring parents, teachers and student on a common interactive platform. It is paperless office automation solution for today's modern schools. The School Management System provides the facility to carry out all day to day activities of the school, making them fast, easy, efficient and accurate. Environment: Presentation Layer: HTML, CSS, JavaScript, Jquery Business Layer: .NET Framework 4.5, ASP.Net MVC5 Database Layer: SQL Server 2012 Operating System: Windows 7 Features: â¢ Project includes the feature of testing type and the activity on the project activities. â¢ Project includes the online management and test process. Role and Responsibilities: â¢ Worked in Development of Back-end Like Data Collections. â¢ Database Schema Designing, and Create Database Dictionary & Made Database Constraints. â¢ I was also worked on Front-end Designing like Screen Generations, form Designing & Applying client side Validation. â¢ SRS documentation and Development. 6. Project Name: CREDIT MONITORING application Using the CREDIT MONITORING application, RMs, UHs, Credit Controllers and CMUs are able to monitor and manage the following items online, update the regularization dates and add their comments as well as generate reports: - Overdrafts - Past Dues - SBLC / FG Expiry - Mortgage Expiry - Cheques Returns & Failed Direct Debit - NBF vs. CB Classification Relationship Manager The relationship manager can only update the Regularization Date and the RM Comments. All other fields will be disabled (greyed-out) for the relationship manager. On updating the Regularization Date and the RM Comments, a successful message will be displayed to the RM and then the RM will be navigated to the Dashboard screen again. Credit Controller (CCU) The credit controller can only update the CCU Comments, if and only if the Regularization Date and RM Comments are present. Otherwise, the CCU Comments field will be disabled (greyed-out) . All other fields will also be disabled (greyed-out) for the CCU. On updating the CCU Comments, a successful message will be displayed to the CCU and then the CCU will be navigated to the Dashboard screen. CMU The CMU can only update the CMU comments, if and only if the CCU Comments are present. Otherwise, the CMU Comments field should be disabled (greyed-out) . All other fields will be disabled (greyed-out) for the CMU. On updating the CMU Comments, a successful message will be displayed to the CMU and then the CMU will be navigated to the Dashboard screen. UH The UH can only update the UH comments All other fields will be disabled (greyed-out) for the UH. On updating the UH Comments, a successful message will be displayed to the UH and then the UH will be navigated to the Dashboard screen. Environment: Presentation Layer: HTML, CSS, JavaScript, Jquery Business Layer: .NET Framework 4.5, ASP.Net MVC5 Database Layer: SQL Server 2012 Operating System: Windows 7 Role and Responsibilities: â¢ Understanding requirements, Coding and unit testing. â¢ SRS documentation and Development. Education Details 
 MCM  Pune, Maharashtra Pune University
 B.Sc. Computer Science Indore, Madhya Pradesh DAVV University
Designation - Dot Net Developer 

Dot Net Developer
Skill Details 
Entity Framework- Exprience - Less than 1 year months
C#- Exprience - Less than 1 year months
Asp.Net- Exprience - Less than 1 year months
Javascript- Exprience - Less than 1 year months
OOP- Exprience - Less than 1 year months
ASP.Net MVC- Exprience - Less than 1 year months
CSS- Exprience - Less than 1 year months
Ajax- Exprience - Less than 1 year months
SQL- Exprience - Less than 1 year months
Jquery- Exprience - Less than 1 year months
HTML- Exprience - Less than 1 year months
JSON- Exprience - Less than 1 year monthsCompany Details 
company - Cognizant Technology Solutions
description - I am working as a dot net developer.
company - Ni-Lux Software Ltd.
description - I was worked as a dot net developer.
company - Ni-lux Software Ltd
description - ",CAND-711594,1,1,1,0,1,1,1,6,85.71428571428571,"HTML, CSS, BOOTSTRAP, JQUERY, AJAX, JAVA SCRIPT",PHP
Data Science,"Skills * Programming Languages: Python (pandas, numpy, scipy, scikit-learn, matplotlib), Sql, Java, JavaScript/JQuery. * Machine learning: Regression, SVM, NaÃ¯ve Bayes, KNN, Random Forest, Decision Trees, Boosting techniques, Cluster Analysis, Word Embedding, Sentiment Analysis, Natural Language processing, Dimensionality reduction, Topic Modelling (LDA, NMF), PCA & Neural Nets. * Database Visualizations: Mysql, SqlServer, Cassandra, Hbase, ElasticSearch D3.js, DC.js, Plotly, kibana, matplotlib, ggplot, Tableau. * Others: Regular Expression, HTML, CSS, Angular 6, Logstash, Kafka, Python Flask, Git, Docker, computer vision - Open CV and understanding of Deep learning.Education Details 

Data Science Assurance Associate 

Data Science Assurance Associate - Ernst & Young LLP
Skill Details 
JAVASCRIPT- Exprience - 24 months
jQuery- Exprience - 24 months
Python- Exprience - 24 monthsCompany Details 
company - Ernst & Young LLP
description - Fraud Investigations and Dispute Services   Assurance
TECHNOLOGY ASSISTED REVIEW
TAR (Technology Assisted Review) assists in accelerating the review process and run analytics and generate reports.
* Core member of a team helped in developing automated review platform tool from scratch for assisting E discovery domain, this tool implements predictive coding and topic modelling by automating reviews, resulting in reduced labor costs and time spent during the lawyers review.
* Understand the end to end flow of the solution, doing research and development for classification models, predictive analysis and mining of the information present in text data. Worked on analyzing the outputs and precision monitoring for the entire tool.
* TAR assists in predictive coding, topic modelling from the evidence by following EY standards. Developed the classifier models in order to identify ""red flags"" and fraud-related issues.

Tools & Technologies: Python, scikit-learn, tfidf, word2vec, doc2vec, cosine similarity, NaÃ¯ve Bayes, LDA, NMF for topic modelling, Vader and text blob for sentiment analysis. Matplot lib, Tableau dashboard for reporting.

MULTIPLE DATA SCIENCE AND ANALYTIC PROJECTS (USA CLIENTS)
TEXT ANALYTICS - MOTOR VEHICLE CUSTOMER REVIEW DATA * Received customer feedback survey data for past one year. Performed sentiment (Positive, Negative & Neutral) and time series analysis on customer comments across all 4 categories.
* Created heat map of terms by survey category based on frequency of words * Extracted Positive and Negative words across all the Survey categories and plotted Word cloud.
* Created customized tableau dashboards for effective reporting and visualizations.
CHATBOT * Developed a user friendly chatbot for one of our Products which handle simple questions about hours of operation, reservation options and so on.
* This chat bot serves entire product related questions. Giving overview of tool via QA platform and also give recommendation responses so that user question to build chain of relevant answer.
* This too has intelligence to build the pipeline of questions as per user requirement and asks the relevant /recommended questions.

Tools & Technologies: Python, Natural language processing, NLTK, spacy, topic modelling, Sentiment analysis, Word Embedding, scikit-learn, JavaScript/JQuery, SqlServer

INFORMATION GOVERNANCE
Organizations to make informed decisions about all of the information they store. The integrated Information Governance portfolio synthesizes intelligence across unstructured data sources and facilitates action to ensure organizations are best positioned to counter information risk.
* Scan data from multiple sources of formats and parse different file formats, extract Meta data information, push results for indexing elastic search and created customized, interactive dashboards using kibana.
* Preforming ROT Analysis on the data which give information of data which helps identify content that is either Redundant, Outdated, or Trivial.
* Preforming full-text search analysis on elastic search with predefined methods which can tag as (PII) personally identifiable information (social security numbers, addresses, names, etc.) which frequently targeted during cyber-attacks.
Tools & Technologies: Python, Flask, Elastic Search, Kibana

FRAUD ANALYTIC PLATFORM
Fraud Analytics and investigative platform to review all red flag cases.
â¢ FAP is a Fraud Analytics and investigative platform with inbuilt case manager and suite of Analytics for various ERP systems.
* It can be used by clients to interrogate their Accounting systems for identifying the anomalies which can be indicators of fraud by running advanced analytics
Tools & Technologies: HTML, JavaScript, SqlServer, JQuery, CSS, Bootstrap, Node.js, D3.js, DC.js",CAND-3f72e7,1,1,1,0,1,0,1,5,71.42857142857143,"HTML, CSS, BOOTSTRAP, JQUERY, JAVA SCRIPT","PHP, AJAX"
DevOps Engineer,"Technical Skills Key Skills MS Technology .Net, SharePoint, MS SQL and Oracle PL/SQL Project Management & Execution Cloud Computing using Windows Azure and Amazon AWS/ EC2 Cloud XML/XAML/XSLT, HTML5, DHTML, CSS3, JavaScript/JQuery/JSON, AngularJS, Web API, OData Service, VBScript, Node JS, Handling Dynamic QA Activities, Project Delivery Frameworks UI Design and Mobile Development, JAVA, JSP, SWING, J2EE Service Oriented Architecture (SOA), Web Service/WCF Service/Web API, Requirement Gathering Design Pattern like MVC, MVP, Abstract Factory OOAD with UML Implementation .NET SAP Connector to interact with SAP through ASP.NET Client Management SAP Web Channel and SAP Enterprise Portal Environment Android, iOS, Team Foundation Server 2010/12(TFS), GitHub, IBM Rational Key Account Management DevOps, Team Forge and SharePoint Portal Administration /Development, CollabNet, JIRA. IOT Implementation, Web/Data analytics, Working with the road map of Machine learning and AI. Expertise BI tools like Crystal report, Escalation Management SSRS, Tableau, Micro Strategy, QlikView. IT Network/Infrastructure Monitoring tool Centreon, Cisco Meraki, BizTalk BAM. Team Building & Leadership Liaison & Coordination Soft Skills Reporting & Documentation Leader Technical architect Time Management Thinker Collaborator Planner Information Security management Communicator Quality assurance Career Timeline (Recent 5 Companies) Reliance ADA Annet Technologies Aditya Birla Group as Software as Project Group as Project consultant Lead/Technical Manager Architect 2006-2007 2008-2009 2009-2012 2012-2013 2013-till date Northbound eClerx Software LLC as Service as Programmer Technical Project Analyst ManagerEducation Details 
January 1998 Bachelor of Art Economics Dibrugarh, Assam, IN Dibrugarh University
 MBA Information Technology  Sikkim Manipal University
  Software Engineering and Computer Science Pune, Maharashtra NIIT
Project Manager 

Project Manager - Aditya Birla Group
Skill Details 
MICROSOFT SHAREPOINT- Exprience - 147 months
SHAREPOINT- Exprience - 147 months
SQL- Exprience - 92 months
ASP- Exprience - 79 months
ASP.NET- Exprience - 76 monthsCompany Details 
company - Aditya Birla Group
description - Reporting to Vice President)
company - OPEX., Monitoring multiple DB server, Web server and Cloud base
description - Period: Apr 2013 to till Date
Working with: â¢ Project management processes in ongoing projects. Coordinating with different projects Team (Internal
Development team and Vendor side team) and other QA activities.
â¢ Information security audit. Budgeting CAPEX/OPEX., Monitoring multiple DB server, Web server and Cloud base servers Resource utilization in Networking infrastructure using different Hardware/Networking surveillance tools.
â¢ Tracking different team projects activities and involved with generating Final monthly report with different KPI for organization higher authority.
â¢   Managing all the SharePoint Portal Admin activities and all the Project Functional, Technical and Business documents.
â¢   Involved in Technology Road map group to upgrade new technology like IOT, Virtual reality, Wearable technology, Machine learning/AI, 3D Printing.

At eClerx Software Service Mumbai
company - eClerx Software Service
description - 
company - Dell Site Search/Natural Search DB
description - Environment: ASP.NET 4.0, C#, WCF, SSRS, SQL Server 2008 R2
At Annet Technologies Mumbai
company - NextGen Enterprise
description - ARIA) and 2) Re-manage Portal Integration in Apple iPhone/iPad and Different Android Devices
Domain- Real State, Period: Mar 2011 - Oct 2012
Environment: ASP.NET 4.0, C#, WCF, WWF, JQuery, JSON, JavaScript, HTML 5, CSS3, Windows Azure Cloud, SharePoint
company - Annet Technologies
description - Key Result Areas:
Administering project progress as per scheduled deadlines for various tasks and taking necessary steps for ensuring completion within time and effort parameters
Working towards mapping requirements & providing best solutions for evaluating & defining scope of project and finalizing project requirements
Interfacing with clients for business gathering, conducting system analysis & finalizing technical specifications
Verifying the project documentation (Technical/Functional); using SharePoint Documents Library Environment and performing all the SharePoint administrative activities

Significant Accomplishments:
Rolled out project performance metrics reporting, implemented profitability improvement plans and enhanced operational efficiency
Received the following awards: o Excellent Design and On-time Delivery Award o Design and Delivery Excellence Award

Previous Experience
company - Genentech, Biogen, Astellas Pharma, Polaris
description - Client: Genentech, Biogen, Astellas Pharma, Polaris, New York, USA
Environment: ASP.NET 3.5, C#, N-Hibernet, WCF, WWF, JavaScript, JQuery, BizTalk Server 2009, SQL Server 2008 R2

At Northbound LLC Sunnyvale California
company - iOS
description - SQL Server 2008R2, Android, iOS
company - Logistic Transport System, Ohio
description - USA
Environment: ASP.NET, C# 3.5, JavaScript, NUnit Test, Telerik Controls, SQL Server 2005, T-SQL, MOSS 2007, SSIS,
SSRS, BizTalk2006, Crystal Report, N-Hibernet, Dreamweaver
company - Northbound LLC
description - 
company - Biz Automation CRM
description - California, USA
Environment: ASP.NET 3.5, C#, SQL Server 2005, Android/iOS Development Platform, XML, XSLT, JavaScript, JQuery,
JSON, SharePoint Design, WCF, WWF, SharePoint 2007, Performance Point, SSRS
company - Wachovia, North Carolina USA
description - Environment: ASP.NET, C#, WCF, SQL Server 2005, Web Parts, JavaScript, AJAX

At Reliance ADA Group Mumbai
Title: 1) Complain Management System and 2) Company Information System
company - Domain- Manufacturing and Human Resource
description - Environment: ASP.NET, C#, Oracle 8i, PL/SQL, Crystal Report, SAP Connector, VPN
company - Reliance ADA Group
description - 
company - PF Trust System
description - Environment: VB.NET, XML, Oracle 9i, PL/SQL, Toad, Crystal Report 11

Sure Solution - Prasanna Group of Company IT Pune
company - Prasanna Group
description - 
company - Online Bus Booking Portal
description - Environment: ASP.NET, C#, SQL Server 2005, Web Services, Web Parts, MS Office SharePoint Design, AJAX and Java cript
At Info Dynamic Software System Pvt. Ltd. Pune

Title: Info-Banking / E Banking
Domain- Banking Period: Jan 2005 - Aug 2005
Environment: VB6, Oracle 8i, PL/SQL, Crystal Report, Java JSP/Servlet/Swing.

At PAN Software System Pvt. Ltd. Pune
Title: E-commerce Site for Online Sales and Purchase
company - Info Dynamic Software System Pvt. Ltd
description - 
company - ZD Doll Inc
description - Newcastle, UK
company - PAN Software System Pvt. Ltd
description - 
company - Online Procurement of Materials
description - 
company - Shipping Company
description - Tokyo Based, Japan
Environment: Java, JSP/Servlet, CSS, JavaScript, SQL Server 2000, T-SQL
Title: Studio Automation System
Domain- Multimedia Period: Jan 2004 - May 2004
Environment: VB 6, VC++, MS SQL Server, MS Data Report, Macromedia Flash, Fire works

At Solid State Technologists (I) Pvt. Ltd. Pune
company - National Dairy Development Board
description - Environment: C++, VB6, SQL2000, Lotus Notes, Crystal Report 8, MS Active Report 2.0
company - Solid State Technologists (I) Pvt. Ltd
description - 
company - Shell/Bharat Petroleum
description - Title: Computerized Fuel Density Measurement Automation System
Domain - Manufacturing and Automation Period: Dec 2002 - Mar 2003
Client: Shell/Bharat Petroleum
Environment: C++, VC ++, MATLAB, VB6, SQL Server 2000, Crystal Report

Title: CMCS
Domain - Finance and Accounting Period: June 2002 - Nov 2002
Environment: VB6, SQL Server 2000, Crystal Report

Title: Food Testing System
company - Solid State Technologists (I) Pvt. Ltd
description - Environment: VB .net, SQL Server 2000, Crystal Report

Title: Customer Care System
company - Himalaya Industries
description - Environment: ASP .Net, C#, SQL Server 2000, Crystal Report
company - MAPCO India Ltd and BERCO
description - Environment: VB6, Oracle, Active/ Data Report",CAND-34479a,1,1,0,0,1,1,1,5,71.42857142857143,"HTML, CSS, JQUERY, AJAX, JAVA SCRIPT","BOOTSTRAP, PHP"
Blockchain,"SOFTWARE SKILLS: Languages: C, C++ & java Operating Systems: Windows XP, 7, Ubuntu RDBMS: Oracle (SQL) Database, My SQL, PostgreSQL Markup & Scripting: HTML, JavaScript & PHP, CSS, JQuery, Angular js. Framework: Struts, Hibernate, spring, MVC Web Server: Tomcat and Glassfish. Web Services: REST AND SOAP TRAINING DETAIL Duration: 4 months From: - United Telecommunication Limited Jharnet project (Place - Ranchi, Jharkhand) Networking Requirements: Elementary configuration of router and switch, IP and MAC addressing, Lease Line, OSI Layers, Routing protocols. Status: - Network Designer.Education Details 
    2 High School
 Diploma Government Women Ranchi, Jharkhand The Institution
Blockchain Engineer 

Blockchain Engineer - Auxledger
Skill Details 
JAVA- Exprience - 19 months
CSS- Exprience - 12 months
HTML- Exprience - 12 months
JAVASCRIPT- Exprience - 12 months
C++- Exprience - 6 monthsCompany Details 
company - Auxledger
description - Worked with on lots of product on blockchain.

â¢ Bitcoin: Build Wallet and explorer on Bitcoin
â¢ Ethereum: Build Wallet and explorer on ethereum blockchain.
â¢ Customize product on Ethereum: Inventory system (Build smart contract in solidity,
deployed in java byte code and on ethereum as well and I have written API in java spring on that and then build front end and called all Api)
â¢ Audit Logger: I have audit logger for OTC exchange to keep all transaction record in blockchain.
â¢ DOC Safe on ethereum: I have build an ethereum application to keep Documents safe on blockchain and document in encrypted form on server.
â¢ And explore with Litecoin, Ripple & exchange (OTC P2P) Hyperledger Fabric   ..continue   ..
company - 
description - Worked with a USA team on blockchain on ethereum, I have designed product on ethereum
blockchain,
â¢ Setup private ethereum and bitcoin blockchain. Worked on loyalty program system and HER
System on ethereum network.
company - ERP System, CRM for Real Estate Company
description - â¢ At Lavisa Infrastructure Bangalore                                        Sep 2015- Oct 2016
Software developer
â¢ ERP System, CRM for Real Estate Company.
company - News Portal
description - â¢ On demand product development from client side requirement. Like
â¢ Dynamic website: Content management system where I have designed front end with backend where content of website was manageable from admin panel.
â¢ News Portal: News portal where content was in Hindi language. I have used Html, Css,
JavaScript, JDBC, MySQL data base.
â¢ Birthday Reminder: A small web application for birthday reminder, I have used HTMl, CSS,
JavaScript, JDBC, MySQL DB.
â¢ Car parking System: A web application for Management of Car Parking System, I have used
HTMl, CSS, JavaScript, JDBC, MySQL DB.
company - Company portal for employee management for Inside Company
description - â¢ At United Telecom Limited Ranchi                                         Nov 2013-Sep 2014
Web developer
â¢ Company portal for employee management for Inside Company. Onsite employee, & in different-different district. And management of all kind of government service like adhar
card, Birth certificate, pan card tracker etc.

Technology skill:

Technology: Blockchain (Bitcoin, Ethereum, Ripple, Hyperledger Fabric)
Block-chain: Private setup of blockchain, Node building.
Smart Contract: Solidity Language.
Smart Contract Api: Java Spring
Dapp Building: Node js, React js, Express js",CAND-ab8f5c,1,1,0,1,1,0,1,5,71.42857142857143,"HTML, CSS, PHP, JQUERY, JAVA SCRIPT","BOOTSTRAP, AJAX"
Java Developer,"TECHNICAL SKILLS Programming Languages: Java (Servlet, JSP, Spring Boot). Web Technology: HTML5, CSS3, Bootstrap, JavaScript, JQuery, Ajax, AngularJs. Database: MySQL. IDE and Tool: Eclipse, spring tool Suit, Net beans, Sublime Text, Atom. Operating System: Windows XP, 7, 8, 10. ACHIEVEMENT â¢ Java Developer Certificate from Unanth Technical Institute. â¢ Java Certificate from solo Learn. â¢ Command line crash Course certificate from Udemy. JOB DETAILS Education Details 
January 2018 M.C.A  Pune, Maharashtra Pune University
January 2015 B.C.A  Amravati, Maharashtra Amravati University
January 2012 H.S.C  Amravati, Maharashtra Amravati University
January 2010 S.S.C  Amravati, Maharashtra Amravati University
Java developer 

Full Stack Java Developer
Skill Details 
Css- Exprience - Less than 1 year months
Ajax- Exprience - Less than 1 year months
Servlet- Exprience - Less than 1 year months
Html5- Exprience - Less than 1 year months
Spring- Exprience - Less than 1 year months
Java- Exprience - Less than 1 year months
Jquery- Exprience - Less than 1 year months
Jsp- Exprience - Less than 1 year months
Javascript- Exprience - Less than 1 year months
Bootstrap- Exprience - Less than 1 year months
Spring Boot- Exprience - Less than 1 year monthsCompany Details 
company - Salcluster technologies
description - Worked as java developer. Developed 3 projects using java servlet jsp ajax and web technologies.
company - Salcluster Technologies LLP.
description - Technology: Core Java, Servlet and JSP, HTML5, CSS3, Bootstrap, Javascript, Jquery
Ajax and Bootstrap.

PROJECT DETAILS
#1 Title: GST And Sales Billing Softwares
â¢ Status: Completed
â¢ Duration: 1.5 Months.
â¢ Abstract: This is a Web application made by using Java (Servlet and JSP), JavaScript, Jquery, Ajax, and MySQL on back end. It is a client's website which is used for Billing. It includes GST Billing, Generate and print invoice. It has five master pages and four common pages. Masters include customer master, item master, uom master, setup master, reason master and common pages like sales order, payments, sales return and invoice.

#2 Title: Dinman News website
â¢ Status: Completed
â¢ Duration: 1 Months.
â¢ Abstract: This is a Website project by using Java (Servlet and JSP), JavaScript, Jquery, Ajax, and MySQL on back end. It is a clients website. It is used for displaying online video and text news.

#2 Title: Agri Management Website
â¢ Status: Completed
â¢ Duration: 1.5 Months.
â¢ Abstract: This is a Website project by using Java (Servlet and JSP), JavaScript, Jquery, Ajax, and MySQL on back end. It is used for purchasing and selling vegetables all over india.
company - OmegaSoft Technologies pvt.ltd
description - Company Name: OmegaSoft Technologies pvt.ltd. An  ISO certified Company.
Duration: 5 months.
Technology: Java Spring Hibernate, AngularJs, Ajax, KendoUI and BootStrap.
Architecture: MVC Architecture and Service based Programming.
Project Module: Login Registration and Role Assignment, Payments.

INTERNSHIP PROJECT DETAILS
#1 Title: Employment Times
â¢ Status: Completed
â¢ Duration: 4 Months.
â¢ Abstract: This is a Website project using Java, Spring, Hibernate. Angular Js, Ajax and MySQL on back end. It is a client's website which is used for posting of newspapers all over India. It has 12 Modules. In which it has Admin Panel, E-paper Posting, Subscriptions, and many more. It is a very light weight website built by using MVC Architecture and Service based Architecture. We can also post advertisements on website and share the news on Facebook or any other social media directly. It has Payment module and users are able to make payments online through debit or credit card or E-Wallet.",CAND-5d7212,0,1,1,0,1,1,1,5,71.42857142857143,"CSS, BOOTSTRAP, JQUERY, AJAX, JAVA SCRIPT","HTML, PHP"
Java Developer,"Education Details 
January 2016 B.E Information Technology Pune, Maharashtra Sawitribai Phule Pune University
Java Developer 

Java Developer - Vertical Software
Skill Details 
Company Details 
company - Vertical Software
description - Expertise in design and development of web applications using J2EE, Servlets
JSP, JavaScript, HTML, CSS, JQUERY, AJAX, JSON.

Experienced in developing applications using MVC architecture.

Good understanding of Software Development Life Cycle Phases such as Requirement
gathering, analysis, design, development and unit testing.

Languages & open Source Java, J2EE, Spring, Hibernate
Frame Work

Scripting Languages & Server Java JSP, Servlets, DB Connectivity's
Side Program JDBC, JavaScript, jQuery, Ajax, JSON

Application Server TomCat
Database MongoDB, MySql
IDEs Eclipse

1. Project Title: Expense Ledger
Role: Java Developer
Tools and Technologies: Java, Jsp, Servlet, MySql, JavaScript, Json, Jquery, Ajax.

2. Project Title: Trimurti Developer (Realestate)
Role: Java Developer
Tools and Technologies: Java, Jsp, Servlet, MySql, JavaScript, Json, Jquery, Ajax.

3. Project Title: Vimay Enterprise
Role: Java Developer
Tools and Technologies: Java, Jsp, Spring, Hibernate, Maven, Jquery, Ajax.
company - Higher Secondary School
description - Pune, 58.8%",CAND-f3dcde,1,1,0,0,1,1,1,5,71.42857142857143,"HTML, CSS, JQUERY, AJAX, JAVA SCRIPT","BOOTSTRAP, PHP"
DotNet Developer,"TECHNICAL SKILLS â¢ Web Technologies: ASP .NET, HTML, CSS, Jquery. â¢ Languages: C, C++, C#.NET, MVC 5. â¢ Database: SQL SERVER 2005/2008/2016. â¢ Reporting Tools.: Kindo UI, Telerik functions, Crystal Report. â¢ Platforms: Visual Stadio 2010/2014. Education Details 
January 2014 B.E  Satara, Maharashtra L.N.B.C.College of Engg Satara.
January 2011 Diploma Thergaon Pune, Maharashtra M.M.Polytechnic
Dot net developer 


Skill Details 
.NET- Exprience - 24 months
ASP- Exprience - 24 months
C#- Exprience - 24 months
C++- Exprience - 6 months
CRYSTAL REPORT- Exprience - 6 months
Html- Exprience - Less than 1 year months
Css- Exprience - Less than 1 year months
Entityframewok,jquery,javascript- Exprience - Less than 1 year months
Mvc- Exprience - 6 months
Sql- Exprience - 24 monthsCompany Details 
company - Corecode technology
description - Worked on web application using asp,c#,mvc
as well as sql for database and also bootstrap,css,html for designing.created reports using kindo and telerik controls
company - Inetsoft solution
description - Created web application using asp and c# and also used sql for database.",CAND-643c83,1,1,1,0,1,0,1,5,71.42857142857143,"HTML, CSS, BOOTSTRAP, JQUERY, JAVA SCRIPT","PHP, AJAX"
Java Developer,"Computer Skills: Languages And Script: JSP, Servlet, HTML, CSS, Java Script, Jquery, Ajax, Spring, Hibernate Operating System: Microsoft WindowsÂ® 2003/XP/Vista/7/8 Databases: My SQL Concepts: OOPS, Core java, Advance java Development Tool: Eclipse, Net beans IDE Web Server: Apache Tomcat 7.0Education Details 
January 2007 H.S.C  Amravati, Maharashtra VidyaBharati college
January 2005 S.S.C  Amravati, Maharashtra Holy Cross English School
Java Developer 

Java Developer - Kunal IT Services Pvt Ltd
Skill Details 
ECLIPSE- Exprience - Less than 1 year months
JAVA- Exprience - 14 months
HIBERNATE- Exprience - Less than 1 year months
SPRING- Exprience - Less than 1 year months
jQuery- Exprience - Less than 1 year monthsCompany Details 
company - Kunal IT Services Pvt Ltd
description - Currently Working As Java Developer In Winsol Solution Pvt Ltd From 1 July 2017 To Till Date.

Experience Of  2 Yrs As A Java Developer In Kunal IT Services Pvt Ltd.",CAND-911bed,1,1,0,0,1,1,1,5,71.42857142857143,"HTML, CSS, JQUERY, AJAX, JAVA SCRIPT","BOOTSTRAP, PHP"
Java Developer,"TECHNICALSKILLS SpringMVC, Hibernate, JDBC, Java, J2EE, AzureWeb SunTechnologies Services, JSP, Struts, Servlet, RestApi. Scripting JavaScript, AJAX, HTML, JSON. OpenSourceTechnologies PHP. Database MsSQL, MySQL, Oracle. WebServers ApacheTomcatServer. Internettechnologiesand OnesignalWebPushNotifications, AzurewebServices, frameworks IONIC, HTML, JSON OperatingSystem WindowsServer2012R2, WinXP/7/8.1/10, Linux, Mac OS Education Details 
August 2013 to July 2016 BE Computer Engineering Nashik, Maharashtra Late G.N. Sapkal COE Nashik
July 2009 to June 2013 Diploma Computer technology Nashik, Maharashtra K K Wagh Polytechnic  Nashik
Java developer 

Java Developer
Skill Details 
AJAX- Exprience - 12 months
DATABASE- Exprience - 24 months
HTML- Exprience - 24 months
J2EE- Exprience - 6 months
JAVA- Exprience - 24 months
Spring MVC- Exprience - 12 months
Ionic 3- Exprience - 6 months
Angular JS- Exprience - 6 months
Spring- Exprience - Less than 1 year months
Java- Exprience - Less than 1 year monthsCompany Details 
company - Replete business solutions pvt ltd
description - Working as Java developer in spring MVC, MySQL, MsSql, Java, J2EE, Ajax, Javascript, ionic 3 framework, angular js etc. Technologies.",CAND-734bd3,1,0,0,1,0,1,1,4,57.14285714285714,"HTML, PHP, AJAX, JAVA SCRIPT","CSS, BOOTSTRAP, JQUERY"
DevOps Engineer,"Software Proficiency: â¢ Languages: Basics of C, SQL, PL/SQL,JAVA,JAVAEE,Javascript,HTML,CSS,jquery,mysql,Spring ,Hibernate. â¢ Software Tools: Xillinx, Modelsim, Matlab, Multisim. â¢ Operating Systems: Windows XP, Vista, 07, 08, Ubuntu. Project Profile: B.E. Project FPGA Implementation of Team Size: 4. Role: Programmer. AES Algorithm AES is Advanced Encryption Standard which is used in cryptography by which we can protect our data. It encrypted by a Secret Key. T.E. project Sorting Robot. Team Size: 3. Role: Mechanism designer. The TCS 230 sensor sorts the RGB color balls according to their color. Diploma Project RFID Based Student Team Size: 4. Role: Interface. Attendance System Using GSM. In this student show RFID card of his own and then message send via GSM to their parent that his ward is present.Education Details 
May 2016 B.E. Savitribai Phule Pune, Maharashtra Pune University
March 2010 S.S.C   Maharashtra Board
DevOps Engineer 


Skill Details 
C- Exprience - 6 months
C++- Exprience - 6 months
Sql- Exprience - 6 months
Pl/Sql- Exprience - 6 months
Core Java- Exprience - 6 months
Javascript- Exprience - Less than 1 year months
HTML- Exprience - Less than 1 year months
CSS- Exprience - Less than 1 year months
Jquery- Exprience - Less than 1 year months
JavaEE- Exprience - Less than 1 year months
Mysql- Exprience - Less than 1 year months
Python- Exprience - 6 monthsCompany Details 
company - Parkar Consulting and Labs
description - I'm working on the DevOps team in Parkar Consulting and Labs. I have hands on the AWS as well as Python",CAND-39dba2,1,1,0,0,1,0,1,4,57.14285714285714,"HTML, CSS, JQUERY, JAVA SCRIPT","BOOTSTRAP, PHP, AJAX"
Web Designing,"IT SKILLS Languages: C (Basic), JAVA (Basic) Web Technologies: HTML5, CSS3, Bootstrap, JavaScript, jQuery, Corel Draw, Photoshop, Illustrator Databases: MySQL5.0 IDE & Tools: Sublime Text, Notepad Operating Systems: Windows XP, Windows 7Education Details 
September 2015 Bachelor of Engineer Information technology Nagpur, Maharashtra Nagpur University
May 2011 HSC Secondary & Higher Secondary  State Board of Secondary
June 2009 SSC Secondary & Higher Secondary  Maharashtra State Board of Secondary
Web and Graphics Designer 

Web and Graphics Designer - Virtuous Media Point, Pune
Skill Details 
BOOTSTRAP- Exprience - 24 months
HTML5- Exprience - 24 months
JAVASCRIPT- Exprience - 24 months
jQuery- Exprience - 24 months
COREL DRAW- Exprience - 24 months
Adobe Photoshop- Exprience - 24 months
Adobe Illustrator- Exprience - 12 months
CSS3- Exprience - 24 monthsCompany Details 
company - Virtuous Media Point
description - 
company - CNC Web World
description - Internship Program: At e-sense IT Solution pvt.ltd. Nagpur as a Web Designing and Developement.
* Presented in Project Competition in Innovesta 15 of Priyadarshini Indira Gandhi College of Engineering, Nagpur.
* Presented in National Level Paper Presentation in TECH-WAVE 2015 of S.R.M.C.E., Nagpur.
company - e-sense IT Solution pvt.ltd
description - Key Result Areas:
* Designed websites solutions by studying information needs, conferring with users, and studying systems flow, data usage, and work processes.
* Understood process requirements and provided use cases for business, functional & technical requirements.
* Interacted with users for requirement gathering, prepared functional specifications and low-level design documents.
* Participated in the Software Development Life cycle (SDLC) and Agile methodology right from requirement analysis,
* Performed detailed design of modules along with their implementation, and documentation integrated software modules
Developed by other team members.

Highlights:
* Developed various modules as per customer requirement and identified and fixed number of bugs related to code, Database connectivity, UI Defects and so on.
* Analyzed and modified existing codes to incorporate a number of changes in the application / user requirements, wrote new codes as required.
* Coded, implemented and integrated complex programs using technologies such as HTML5, CSS3, JavaScript, jQuery, bootstrap.
* Having good command on Graphics designing with effective ideas.

PROJECTS

* www.nitka.com, Nagpur united corporation (admin), Mintmetrix.com, Tagline videos (admin), Smartbadge (admin): -
In all projects I have used technologies like HTML5, CSS3, Bootstrap, JavaScript, jQuery and text editor as sublime text.

* www.shreekiaspack.co.in, www.3staragroproducts.com, www.luckystationery.co.in: - used technologies like HTML5, CSS3,
Bootstrap, javascript and text editor as notepad++.

* Design various Logos, Brochures, Advertising Banners, Visiting Cards, Pamphlet, Hoardings etc.

B.E. FINAL YEAR PROJECT

* Major Project: -

Title: WEB BASED DISEASE DIAGNOSIS EXPERT SYSTEM.
Duration: 1 Year

Description: In this project we provide a website in which doctor gives online consultation for particular disease. System gives better suggestions for any health problems.

* Mini Project Development-

* SHOPPING MANAGEMENT SYSTEM Developed in C++.

CURRICULUM & EXTRA CURRICULUM  ACTIVITIES
company - FACE-IT
description - Co-ordinator in project competition.",CAND-493a75,0,0,1,0,1,0,1,3,42.857142857142854,"BOOTSTRAP, JQUERY, JAVA SCRIPT","HTML, CSS, PHP, AJAX"
Web Designing,"Technical Skills Web Technologies: Angular JS, HTML5, CSS3, SASS, Bootstrap, Jquery, Javascript. Software: Brackets, Visual Studio, Photoshop, Visual Studio Code Education Details 
January 2015 B.E CSE Nagpur, Maharashtra G.H.Raisoni College of Engineering
October 2009  Photography Competition Click Nagpur, Maharashtra Maharashtra State Board
    College Magazine OCEAN
Web Designer 

Web Designer - Trust Systems and Software
Skill Details 
PHOTOSHOP- Exprience - 28 months
BOOTSTRAP- Exprience - 6 months
HTML5- Exprience - 6 months
JAVASCRIPT- Exprience - 6 months
CSS3- Exprience - Less than 1 year months
Angular 4- Exprience - Less than 1 year monthsCompany Details 
company - Trust Systems and Software
description - Projects worked on:
1. TrustBank-CBS
Project Description: TrustBank-CBS is a core banking solution by Trust Systems.
Roles and Responsibility:
â Renovated complete UI to make it more modern, user-friendly, maintainable and optimised for bank use.
â Shared the UI structure and guidelines to be incorporated, with development team of around 50
members.
â Achieved the target of project completion in given time frame.
â Made required graphics for the project in photoshop

2. Loan Bazar (Loan Appraisal)
Project Description: Loan Bazar is a MVC-based application dedicated to creating and managing
loan applications. The goal of this application is to streamline the process of loan application and integrate with existing CBS.
Roles and Responsibility
â Designed and developed modern and responsive UI of entire application and achieved the target in given time frame.
â Made required graphics for the project in photoshop
3. Capital Security Bond Application
Project Description: Capital Security Bond Application is a MVC based application which provided an online platform to purchase gold bond
Roles and Responsibility:
â Designed and developed modern and responsive UI of entire application and achieved the target in given time frame.
â Made required graphics for the project in photoshop

4. SoftGST
Project Description: SoftGST (Web Based Application) is an ASP application to every tax
payers and its vendors for generating the GSTR returns on the basis of sales / purchase
data, additionally the application can do the reconciliation of GSTR 2 A with purchase register.
Roles and Responsibility:
â Designed and developed the UI of Dashboard.

5. Trust Analytica:
Project Description: Trust Analytika is the mobile web app that shows bank asset, liability,
income, expenses.
Roles and Responsibility:
â Designed and developed the landing page of the application.
â Supported the developers in UI implementation

6. Website's:
Project Name:
1. TSR Technology Services - http://tsrtechnologyservices.com
2. Vidarbha Merchants Urban Co-Op Bank - http://vmcbank.com
3. GISSS - http://gisss.co.in
4. Softtrust USA - http://softtrustusa.com
Roles and Responsibility
â Communicated with clients to understand their requirement
â Made mocks for the website
â Designed and developed complete website and hosted them in stipulated time.
company - www.jalloshband.com
description - Project Name:
1. Jallosh Band - www.jalloshband.com
2. An Endeavor Foundation
Roles and Responsibility:
â Communicated with clients to understand their requirement
â Made mocks for the website
â Designed and developed complete website and hosted them in stipulated time.
company - 10MagicalFingers
description - National and international client interaction.
â Management of digital data",CAND-d3a972,0,0,1,0,1,0,1,3,42.857142857142854,"BOOTSTRAP, JQUERY, JAVA SCRIPT","HTML, CSS, PHP, AJAX"
Java Developer,"Education Details 
 BE IT   pjlce
Java Developer 

Java Developer
Skill Details 
c++- Exprience - Less than 1 year months
c- Exprience - Less than 1 year months
JAVA- Exprience - Less than 1 year months
DS- Exprience - Less than 1 year months
Jdbc- Exprience - 24 months
Hibernate- Exprience - Less than 1 year months
Java J2Ee- Exprience - Less than 1 year months
Javascript- Exprience - 6 months
JQuery- Exprience - 6 months
Ajax- Exprience - 6 monthsCompany Details 
company - Almighty tech pvt ltd nagpur
description - 1. As a Java Developer.
â ORGANISATION: Almighty tech pvt ltd Nagpur
â DESIGNATION.: Java Developer.
â DURATION.: From 1st jan 2018
â Notice Period: 15 days
JOB RESPONSIBILITIES
â Resolve Bugs
â Develop project as per user requirement.

KNOWLEDGE ABOUT:-
â Programming language C, C++, DS, Java(Swing, JDBC, J2EE) java script,jquery,Ajax
â Ms office, Excel.",CAND-743e71,0,0,0,0,1,1,1,3,42.857142857142854,"JQUERY, AJAX, JAVA SCRIPT","HTML, CSS, BOOTSTRAP, PHP"
DotNet Developer,"Participated in intra college cricket competition and various other sports events. Group dance in college cultural programme Education Details 
 Msc Computer Science Pune, Maharashtra Pune University
 Bsc Computer Science Pune, Maharashtra Pune University
 HSC Semi-English Pune, Maharashtra Maharashatra Board
 SSC Semi-English Pune, Maharashtra Maharashatra Board
DOT NET Developer 

Dot Net Developer
Skill Details 
Asp.Net,C#, HTML, CSS, SQL- Exprience - 6 months
Javascript- Exprience - Less than 1 year months
sql server 2008/2012- Exprience - Less than 1 year monthsCompany Details 
company - 
description - ",CAND-38d2d7,1,1,0,0,0,0,1,3,42.857142857142854,"HTML, CSS, JAVA SCRIPT","BOOTSTRAP, PHP, JQUERY, AJAX"
DotNet Developer,"Technologies ASP.NET, MVC 3.0/4.0/5.0, Unit Testing, Entity Framework 6.0 Languages C#.NET JS Library JavaScript, JQuery, Angular1.5, Typescript. Tools Visual Studio 2008/2010/2012/2015, Visual Studio Code (IDE), .NET Framework 2.0, 3.5, 4.0, 4.5 Databases SQL Server 2005, 2008, 2014, 2015 Source control tools Tortoise SVN, Git,Education Details 
January 2010 B.Tech  Kakinada, Andhra Pradesh JNTU
Dot Net Developer 

Dot Net Developer - The Tie Bar
Skill Details 
.NET- Exprience - 34 months
ASP- Exprience - 34 months
ASP.NET- Exprience - 34 months
C#- Exprience - 34 months
JAVASCRIPT- Exprience - 34 monthsCompany Details 
company - The Tie Bar
description - Duration: January 2017 to Till Date

Responsibility:
â¢ Design and coding in a .NET server-side environment, specifically utilising the Microsoft MVC framework and client side environment using Knockout JS.
â¢ Consuming Web API and WCF Rest full services.
â¢ Designed and coded application components in an agile environment utilizing a test driven development approach.
â¢ Created and maintained project tasks and schedules.
â¢ Provided programming estimates, identified potential problems and recommended alternative solutions.
â¢ Worked in close cooperation with project managers and other functional team members to form a team effort in development.
â¢ Utilized pair programming approach to ensure high quality code.

Projects:
Title: THE TIEBAR
Environment: Visual Studio 2015, MVC 5.0, C#, JavaScript, JSON, LINQ, HTML 5
Database: SQL Server 2015

Role: Developer
Description:
The Tie Bar is US based online shopping website; it is the one-stop destination for luxury menswear with premium dress shirts, ties, bow ties and more,

Title: Leave Management System
Environment: Visual Studio 2010, ASP.Net, C#.Net, JavaScript, JQuery
Database: SQL Server 2008

Role: Developer
Description:
A Leave Management System is a web application having two module one is front end and second is admin module. Admin user can manage the site content in this application. The main functionality of this web application is used for maintaining the employee leave policy in a company

Title: Around Pune (CMS)
Environment: Visual Studio 2010, ASP.Net, C#.Net, JavaScript, JQuery
Database: SQL Server 2008

Role: Developer
Description:
Around Pune is a web application. In that there are two modules one is admin module and another is client or front end. Admin module controls the site date or its cms (content management system) project. The purpose of this site is to show or provide the details of all the spots and tourists places around the Pune.

Title: Country Side
Environment: Visual Studio 2008, ASP.Net, C#.Net, JavaScript, JQuery
Database: SQL Server 2008
Role: Developer
Description:
This is cms (content management system) website controlling by admin user. In that, there is one admin module to maintain website content. This site is used to provide information about tourist places, and provide offers, Different packages for trips.
company - Hamsa Hitech Pvt. Ltd
description - Responsibility:
â¢ Design and coding in a .NET server-side environment, specifically utilising the Asp.Net and C#.Net.
â¢ Design and implement systems that use relational databases, specifically SQL 2008.

Project:
Title: A G JOHNSON
Environment: Visual Studio 2010, ASP.Net, C#.Net, JavaScript, JQuery,
Database: SQL Server 2008
Role: Developer
Description:
A G JOHNSON is a global employment website. The main purpose of this application is to recruit employees for their clients in different countries like Switzerland, Norway and Sweden and it provide services like Organisational Development, Management and Leadership Support and Development, Legal Support

Title: CRM for Company
Environment: Visual Studio 2008, ASP.Net 3.0 using C#.Net, JavaScript, JQuery,
Database: SQL Server 2008
Role: Developer
Description:
Customer relationship management System is a web application. Which is maintaining the relation with company?  We can view the Project List, Client List, Notification List, Appointment List, Conversation List, Client Person List and Company Person.",CAND-94caa2,1,0,0,0,1,0,1,3,42.857142857142854,"HTML, JQUERY, JAVA SCRIPT","CSS, BOOTSTRAP, PHP, AJAX"
DotNet Developer,"Technical Skills â¢ Languages: C#, ASP .NET MVC, HTML, CSS, JavaScript, AngularJs â¢ Primary Skill: Entity Framework. â¢ Tools Used: SQL Server 14, Visual Studio 13. Project Details: 1.Project Name: Transport Management System Role: Dot Net Developer Platform Used: MVC, AngularJs, SQL Server Description: This project is about the Transport Management System. This project is used to keeps all the record of the Vehicle, Customer, Employee. Reduce costs with centralized planning and execution of logistics activities. Vehicle owner can add his vehicle for rent of the specific day into the application from their location. Admin can easily access the data of Vehicle, Customer & Employee. Responsibilities: Used 3-tier architecture for presentation layer, the Business and Data Access Layers and were coded using C# as per user Requirements. Make changes in the project with discussing the group for new requirement. Work on Customer and Vehicle model. 2.Project Name: CRM Role: Dot Net Developer Platform Used: MVC, SQL Server Description: It's kind of CRM Application where a training institute can easily track their student data. where we have different user store or access and utilise to manage this data with application. Any user can easily fill the information of the leads comes in that institute also who joined or Convert that leads as a student in that institute. All information can store or easily manage this application also the good leads or the student who didn't join but their records are store in this application so this application help institute to fetch all the contacts information or those leads or student who didn't join that time. We can later contact to those leads in future. Also with the application we get to know each and every leads or student who joined Responsibilities: Used 3-tier architecture for presentation layer, the Business and Data Access Layers and were coded using C# as per user Requirements. Make changes in the project with discussing the group for new requirement. Work on Enquiry model. Key Strength: â¢ Adaptability. â¢ Hard Worker. â¢ Self Motivated. â¢ Positive Attitude.Education Details 
January 2008 HSC   Maharashtra Board
January 2006 SSC   Maharashtra Board
Dot Net Developer 

Dot Net Developer - Glyphisoft Technology
Skill Details 
ASP- Exprience - 14 months
DOT- Exprience - 14 months
MODEL VIEW CONTROLLER- Exprience - 14 months
MODEL-VIEW-CONTROLLER- Exprience - 14 months
MVC- Exprience - 14 monthsCompany Details 
company - Glyphisoft Technology
description - Having around 1.1+ Years of experience in development in Asp.net MVC
â¢   Currently associated with Glyphisoft Technology Solution as .net Developer.",CAND-f7ce41,1,1,0,0,0,0,1,3,42.857142857142854,"HTML, CSS, JAVA SCRIPT","BOOTSTRAP, PHP, JQUERY, AJAX"
DotNet Developer,"TECHNICAL SKILLS â Programming Languages: C#.NET â Web Technologies: ASP.NET MVC, Web API, Angular, JQuery, HTML5, CSS3, Bootstrap. â Database: SQL Server 2014 â IDE: Visual Studio 2015, Visual Studio Code â Office Packages: MS-Office (Access, Word, Excel) Education Details 
January 2016 B.Sc.(Computer Science)  Solapur, Maharashtra Solapur University
DOT NET Developer 

DOT NET Developer - Navshar Global Software
Skill Details 
.NET- Exprience - 15 months
ASP- Exprience - 15 months
ASP.NET- Exprience - 15 months
BOOTSTRAP- Exprience - 15 months
jQuery- Exprience - 15 months
ASP.NET MVC- Exprience - Less than 1 year months
Angularjs- Exprience - Less than 1 year months
C#- Exprience - Less than 1 year months
Entity Framework- Exprience - Less than 1 year monthsCompany Details 
company - Navshar Global Software
description - 017.

PROJECTS WORKED ON
1. Navnirman Tech Festival
â Navnirman Tech Festival is a technical event management application that is used to scheduling and organizing event.
â Technologies: ASP.NET MVC, SQL Server, Entity Framework, AJAX, JQuery
â Role: Involved Everywhere

2. Like Security
â The Like Security web application provides trusted services and man power as well labour management.
â Technologies: ASP.NET MVC, SQL Server, Bootstrap, AJAX, JQuery
â Role: Involved Everywhere

3. Performance Review (In House Project)
â This is an In-House Web application which is used to fill the review for particular Employee by other employees who worked with him. This application is very useful to take decision in appraisal of employee. All the submitted review can be downloaded in PDF format as per selection.
â Technologies: ASP.NET MVC, Entity Framework, SQL Server, AJAX, JQuery
â Role: Involved Everywhere
company - None
description - None",CAND-571c74,0,0,1,0,1,1,0,3,42.857142857142854,"BOOTSTRAP, JQUERY, AJAX","HTML, CSS, PHP, JAVA SCRIPT"
Blockchain,"Skills Strong CS fundamentals and problem solving Ethereum, Smart Contracts, Solidity skills Golang, Node, Angular, React Culturally fit for startup environment MongoDB, PostGresql, MySql Enthusiastic to learn new technologies AWS, Docker, Microservices Blockchain, Protocol, ConsensusEducation Details 
January 2014 M.Tech Computer Engineering Jaipur, Rajasthan Malaviya National Institute Of Technology Jaipur
January 2011 B.E. Computer Science And Engg Kolhapur, Maharashtra Shivaji University
Blockchain Engineer 

Blockchain Engineer - XINFIN Orgnization
Skill Details 
MONGODB- Exprience - 16 months
CONTRACTS- Exprience - 12 months
MYSQL- Exprience - 9 months
AWS- Exprience - 6 months
PROBLEM SOLVING- Exprience - 6 monthsCompany Details 
company - XINFIN Orgnization
description - Xinfin is a global open source Hybrid Blockchain protocol.
Rolled out multiple blockchain based pilot projects on different use cases for various clients. Eg.
Tradefinex (Supply chain Management), Land Registry (Govt of MH), inFactor (Invoice Factoring)
Build a secure and scalable hosted wallet based on ERC 20 standards for XINFIN Network.
Working on production level blockchain use cases.
Technology: Ethereum Blockchain, Solidity, Smart Contracts, DAPPs, Nodejs
company - ORO Wealth
description - OroWealth is a zero commision online investment platform, currently focused on direct mutual funds
Build various scalable web based products (B2B and B2C) based on MEAN stack technology and integrated  with multiple finance applications/entities. eg. Integration KYC and MF Entities.
Technology: Node.js, Angular.js, MongoDB, Express
company - YallaSpree
description - Hyderabad, Telangana
Yallaspree is a largest digital shopping directory in U.A.E with over 22K stores.
Own the responsibility to develop and maintain following modules:
- Admin and Vendor interface       - Database operations
- Writing Webservices                      - Complete Notification system
- Events  and Offers Page
Technology: CakePHP (PHP Framework), JQuery, MySql
company - RailTiffin.com
description - Mumbai, Maharashtra
RailTiffin.com is an e-commerce platform to serve food to railway passengers.
Worked on multiple roles like bug fixing, DB operations, Feature customisation and writing API endpoints.
Technology: OpenCart (Ecommerce Framework), JQuery, MySql
company - Accolite Software India Private Limited
description - Bengaluru, KA
Accolite is a global IT Services company headquartered in Dallas, USA with offices in India.
Worked on Birst Analytics Tool to develop, deploy and maintain reports",CAND-fad24e,0,0,0,1,1,0,1,3,42.857142857142854,"PHP, JQUERY, JAVA SCRIPT","HTML, CSS, BOOTSTRAP, AJAX"
